epoch,test_accuracy,train_loss_avg
-1,0.5,
0,0.7119288444519043,0.6435933951870538
1,0.8199999642372131,0.6435933951870538
2,0.8499999666213989,0.5124189070775174
3,0.8699999570846558,0.48143923956376966
4,0.8799999570846558,0.46354157019231934
5,0.8899999666213989,0.44861108568147756
6,0.8899999666213989,0.44861108568147756
7,0.8899999666213989,0.44861108568147756
