method,seed_count,pearson_mean,pearson_std,spearman_mean,spearman_std,kendall_mean,kendall_std,jaccard_top30pct_mean,jaccard_top30pct_std
dve,16,0.49653372765608716,0.29844809554547147,0.4535905985249167,0.32356443204469476,0.32916503857043533,0.24381232202797884,0.34631070995849345,0.245479912350418
icml,16,0.5891000624568142,0.2567228801527999,0.5531288953463697,0.280152450587959,0.4079832952835744,0.21298564782018464,0.37112182079112077,0.19367697974561343
lava,16,-0.009716095421721688,0.1363983498847099,0.04088413033130888,0.188430593085786,0.029980629760030263,0.1261546334235328,0.19691732188422456,0.09237452471176205
loo,16,1.0,9.064933036736789e-17,0.9999999999999998,5.73316704659901e-17,1.0,2.866583523299505e-17,1.0,0.0
tim,16,0.8981273115655444,0.10546614340456288,0.9011972544806095,0.08236593357183525,0.7596763239356417,0.11193648985340782,0.6627459718488086,0.16716683614986436
