epoch,test_accuracy,train_loss
0,0.56884765625,0.6972016884246841
1,0.77294921875,0.6895181416336582
2,0.83447265625,0.6676102552586953
3,0.84130859375,0.6513823569973027
4,0.845703125,0.644095266734434
5,0.84912109375,0.638829898551263
6,0.8505859375,0.6329656593938648
7,0.849609375,0.6288843044106053
