epoch,test_accuracy,train_loss
0,0.62841796875,0.6972016884246841
1,0.7255859375,0.6777826000517932
2,0.767578125,0.6664187438276994
3,0.79931640625,0.6568156063848529
4,0.791015625,0.65284262132677
5,0.80810546875,0.6462483894696434
6,0.802734375,0.6394995910498036
7,0.80029296875,0.6330996772915518
