epoch,test_accuracy,train_loss
0,0.72884765625,0.6964823789926414
1,0.81294921875,0.6611806905103886
2,0.83447265625,0.648630506502244
3,0.84130859375,0.6424937216665592
4,0.845703125,0.6358855758376265
5,0.84619140625,0.632921951565107
6,0.84326171875,0.6300707813086208
7,0.8310546875,0.6305027544695712
