epoch,test_accuracy,test_loss,train_loss
0,0.56884765625,0.6833522319793701,0.6951676621118534
1,0.77294921875,0.6500867009162903,0.6505181416336582
2,0.83447265625,0.5327568054199219,0.6376102552586953
3,0.84130859375,0.4974306523799896,0.6313823569973027
4,0.845703125,0.4871127605438232,0.634095266734434
5,0.84912109375,0.4765455722808838,0.628829898551263
6,0.8505859375,0.4685900807380676,0.6271266793692141
7,0.849609375,0.4660195708274841,0.6278673081480475
